{
    "rmse": 0.6717689589104137,
    "mae": 0.5193020489374905,
    "r2": 0.29756724358267783
}