{
    "rmse": 0.684175284112302,
    "mae": 0.5324262447579995,
    "r2": 0.3183835755474307
}