{
    "rmse": 0.6959989140913541,
    "mae": 0.533511229378217,
    "r2": 0.28423111312275995
}