{
    "rmse": 0.6716691020938791,
    "mae": 0.5233224881832487,
    "r2": 0.28390574173397176
}